{
    "products": [{ "id": "0.4795441289711866", "qty": 1 }],
    "totalPrice": 18.800000000000008
}
